customer_id,Recency,PreviousOrderCount,HistoricalSpending,TotalItems,TotalProducts,TotalSellers,AverageOrderValue,AverageFreightValue,AverageInstallments
C001,3.86,1,33.59,1.0,1.0,1.0,33.59,15.1,3.0
C002,0.0,1,115.05,1.0,1.0,1.0,115.05,25.9,3.0
C003,119.14,1,127.6,1.0,1.0,1.0,127.6,22.6,5.0
C004,25.9,1,131.8,1.0,1.0,1.0,131.8,27.8,1.0
C005,147.82,1,211.91,1.0,1.0,1.0,211.91,32.01,10.0
C006,0.0,1,68.62,1.0,1.0,1.0,68.62,8.72,1.0
C007,0.0,1,157.72,1.0,1.0,1.0,157.72,30.73,10.0
C008,57.02,1,36.86,1.0,1.0,1.0,36.86,7.87,1.0
C009,0.0,1,33.24,1.0,1.0,1.0,33.24,9.34,2.0
C010,81.02,1,178.34,2.0,1.0,1.0,178.34,22.34,8.0
