Feature,Importance
ActiveDays,0.23818579164092454
Frequency,0.08701483985963772
Monetary,0.0857025732272587
Recency,0.07006907754468672
SpendTrend,0.05448871189247388
TotalQuantity,0.052749457264759866
UniqueProducts,0.04571672983089842
ReturnRatio,0.04516839563404157
OrderValueMin,0.038801214322258935
CancelledValue,0.035963348253554545
Tenure,0.033695904293293895
ProductsPerOrder,0.03240260923463431
FirstPurchaseDaysAgo,0.03174196463417454
SpendPerDay,0.02596076538799793
AverageQuantityPerOrder,0.024562100642978812
Cancellations,0.023480797816810794
OrderValueMedian,0.020575724111210794
AverageOrderValue,0.020302585173081374
OrderValueMax,0.015888156623390482
OrderValueStd,0.01566448251588526
OrdersPerActiveDay,0.0018647700960468627
CountryCount,0.0
