example_id,churn_probability,predicted_next_order_spending_BRL,customer_risk_value_BRL
1,0.0,95.3767,0.0
1,0.25,95.3767,23.8442
1,0.5,95.3767,47.6883
1,0.75,95.3767,71.5325
1,1.0,95.3767,95.3767
2,0.0,148.9505,0.0
2,0.25,148.9505,37.2376
2,0.5,148.9505,74.4752
2,0.75,148.9505,111.7128
2,1.0,148.9505,148.9505
3,0.0,90.6336,0.0
3,0.25,90.6336,22.6584
3,0.5,90.6336,45.3168
3,0.75,90.6336,67.9752
3,1.0,90.6336,90.6336
4,0.0,135.12,0.0
4,0.25,135.12,33.78
4,0.5,135.12,67.56
4,0.75,135.12,101.34
4,1.0,135.12,135.12
5,0.0,54.3807,0.0
5,0.25,54.3807,13.5952
5,0.5,54.3807,27.1903
5,0.75,54.3807,40.7855
5,1.0,54.3807,54.3807
