observation_id,Actual_NextOrderSpending,Predicted_NextOrderSpending,Residual
1,103.28,166.5274,-63.2474
2,26.78,106.151,-79.371
3,80.32,133.9507,-53.6307
4,149.88,222.3973,-72.5173
5,340.07,138.151,201.919
6,1435.97,121.9638,1314.0062
7,69.07,214.1622,-145.0922
8,157.86,211.7225,-53.8625
9,35.95,77.289,-41.339
10,108.56,70.5108,38.0492
11,271.64,192.5851,79.0549
12,44.41,168.3845,-123.9745
13,215.06,115.6446,99.4154
14,92.83,99.2281,-6.3981
15,40.59,75.7709,-35.1809
16,182.34,251.996,-69.656
17,51.79,247.5652,-195.7752
18,34.14,91.8885,-57.7485
19,94.3,69.1011,25.1989
20,17.97,28.1075,-10.1375
21,322.7,202.022,120.678
22,1075.56,484.0152,591.5448
23,358.59,107.5681,251.0219
24,336.24,171.1302,165.1098
25,33.33,109.1661,-75.8361
26,153.1,141.9888,11.1112
27,71.78,257.0102,-185.2302
28,89.27,124.4904,-35.2204
29,67.5,100.8913,-33.3913
30,69.27,120.3521,-51.0821
31,49.44,143.3426,-93.9026
32,169.73,171.5911,-1.8611
33,85.36,125.6012,-40.2412
34,45.88,249.7365,-203.8565
35,39.0,189.0739,-150.0739
36,27.13,118.7795,-91.6495
37,253.22,282.51,-29.29
38,169.56,223.7592,-54.1992
39,56.6,98.8468,-42.2468
40,33.37,88.0595,-54.6895
41,320.58,416.6634,-96.0834
42,49.56,197.1545,-147.5945
43,31.31,166.0416,-134.7316
44,61.8,494.9858,-433.1858
45,37.85,185.8237,-147.9737
46,63.66,96.397,-32.737
47,81.24,142.8172,-61.5772
48,81.24,215.6261,-134.3861
49,97.95,116.8497,-18.8997
50,45.22,124.0592,-78.8392
51,318.61,174.3837,144.2263
52,248.28,210.8474,37.4326
53,252.8,107.1183,145.6817
54,67.17,156.1357,-88.9657
55,91.78,84.061,7.719
56,762.14,216.3799,545.7601
57,51.68,83.0234,-31.3434
58,194.79,194.4882,0.3018
59,67.58,64.4327,3.1473
60,107.07,118.4722,-11.4022
61,190.89,119.7982,71.0918
62,50.7,222.0554,-171.3554
63,251.29,205.9079,45.3821
64,229.75,204.115,25.635
65,220.39,208.8184,11.5716
66,62.25,131.2669,-69.0169
67,108.69,162.5872,-53.8972
68,72.73,178.4897,-105.7597
69,190.46,189.3734,1.0866
70,74.34,189.5607,-115.2207
71,620.15,123.6428,496.5072
72,75.08,156.8764,-81.7964
73,133.9,146.1786,-12.2786
74,114.0,324.9828,-210.9828
75,170.29,157.8201,12.4699
76,109.85,142.9642,-33.1142
77,133.3,155.5963,-22.2963
78,38.41,98.9279,-60.5179
79,68.37,152.6543,-84.2843
80,63.13,131.7028,-68.5728
81,173.3,137.4859,35.8141
82,33.57,195.2002,-161.6302
83,81.98,100.1757,-18.1957
84,145.45,154.8536,-9.4036
85,35.59,250.7221,-215.1321
86,169.74,153.6481,16.0919
87,180.3,215.3282,-35.0282
88,169.29,142.02,27.27
89,40.1,61.294,-21.194
90,80.37,137.8695,-57.4995
91,594.38,191.0653,403.3147
92,92.97,171.8066,-78.8366
93,84.13,81.5672,2.5628
94,133.06,104.9824,28.0776
95,196.34,218.5287,-22.1887
96,87.55,98.9473,-11.3973
97,39.5,249.801,-210.301
98,94.71,129.4547,-34.7447
99,98.67,368.3184,-269.6484
100,124.25,121.5078,2.7422
101,404.17,97.5723,306.5977
102,32.53,87.2354,-54.7054
103,126.57,155.2103,-28.6403
104,93.28,118.9135,-25.6335
105,62.65,75.1152,-12.4652
106,473.95,290.7995,183.1505
107,102.03,104.6825,-2.6525
108,126.54,64.2941,62.2459
109,22.58,120.3701,-97.7901
110,76.74,39.3165,37.4235
111,90.04,111.1635,-21.1235
112,163.39,83.2597,80.1303
113,34.82,95.4747,-60.6547
114,278.0,126.2897,151.7103
115,84.36,137.6683,-53.3083
116,27.46,125.1818,-97.7218
117,161.86,109.1897,52.6703
118,65.37,84.6561,-19.2861
119,64.66,112.941,-48.281
120,66.06,172.9156,-106.8556
121,300.3,117.9556,182.3444
122,26.12,128.6716,-102.5516
123,61.01,54.5591,6.4509
124,95.8,108.1747,-12.3747
125,44.09,85.6488,-41.5588
126,187.56,106.0871,81.4729
127,210.08,90.2068,119.8732
128,196.14,231.9846,-35.8446
129,138.74,128.7456,9.9944
130,385.74,112.8874,272.8526
131,37.43,166.5666,-129.1366
132,248.51,135.5353,112.9747
133,308.16,141.3454,166.8146
134,147.48,189.276,-41.796
135,119.79,115.8815,3.9085
136,89.48,61.7166,27.7634
137,85.24,120.066,-34.826
138,116.36,136.2067,-19.8467
139,268.2,159.8921,108.3079
140,124.41,189.7632,-65.3532
141,193.98,112.0975,81.8825
142,87.18,122.5639,-35.3839
143,99.54,117.6429,-18.1029
144,42.0,176.4616,-134.4616
145,128.67,210.6926,-82.0226
146,186.1,200.5337,-14.4337
147,49.4,80.5802,-31.1802
148,119.63,147.6243,-27.9943
149,160.62,329.7988,-169.1788
150,238.22,216.1474,22.0726
151,213.29,423.381,-210.091
152,249.31,159.488,89.822
153,221.79,137.3563,84.4337
154,41.0,85.4399,-44.4399
155,161.02,101.5493,59.4707
156,200.48,58.4124,142.0676
157,51.09,119.5274,-68.4374
158,81.12,130.3819,-49.2619
159,30.78,120.2428,-89.4628
160,181.37,113.569,67.801
161,63.18,121.3887,-58.2087
162,86.9,117.9399,-31.0399
163,48.04,94.6546,-46.6146
164,135.94,160.2177,-24.2777
165,297.58,191.0924,106.4876
166,57.79,177.185,-119.395
167,254.58,189.9856,64.5944
168,88.71,84.1789,4.5311
169,122.01,155.6634,-33.6534
170,74.88,83.3642,-8.4842
171,75.42,94.2781,-18.8581
172,75.42,113.0519,-37.6319
173,65.75,277.4001,-211.6501
174,167.77,142.4054,25.3646
175,104.56,102.6017,1.9583
176,56.94,175.5427,-118.6027
177,37.36,221.4774,-184.1174
178,138.62,154.9857,-16.3657
179,89.36,55.0061,34.3539
180,181.69,137.5172,44.1728
181,138.94,83.8507,55.0893
182,63.12,190.6823,-127.5623
183,47.87,75.2885,-27.4185
184,119.18,218.22,-99.04
185,121.39,170.5748,-49.1848
186,48.22,472.5725,-424.3525
187,69.13,130.5929,-61.4629
188,138.39,161.3716,-22.9816
189,44.92,166.349,-121.429
190,55.23,206.0467,-150.8167
191,643.34,224.4444,418.8956
192,56.9,89.7068,-32.8068
193,298.89,232.3654,66.5246
194,99.65,183.3037,-83.6537
195,178.72,185.7556,-7.0356
196,150.12,95.4797,54.6403
197,62.78,158.2122,-95.4322
198,149.11,115.7604,33.3496
199,51.19,181.1902,-130.0002
200,86.15,131.9331,-45.7831
201,187.43,226.2864,-38.8564
202,166.19,153.3587,12.8313
203,17.77,160.5779,-142.8079
204,61.38,123.3796,-61.9996
205,98.56,169.8067,-71.2467
206,60.66,58.4591,2.2009
207,151.63,228.9674,-77.3374
208,75.2,103.8469,-28.6469
209,53.87,81.3525,-27.4825
210,92.9,110.9502,-18.0502
211,155.64,167.1074,-11.4674
212,313.53,211.2777,102.2523
213,309.99,209.157,100.833
214,236.65,95.989,140.661
215,26.94,208.343,-181.403
216,47.04,101.9155,-54.8755
217,54.63,72.3136,-17.6836
218,139.88,119.2076,20.6724
219,830.64,493.3335,337.3065
220,88.45,110.719,-22.269
221,148.97,92.8815,56.0885
222,64.44,117.0873,-52.6473
223,124.52,115.4509,9.0691
224,55.0,293.8236,-238.8236
225,141.13,131.0775,10.0525
226,460.47,497.3746,-36.9046
227,381.0,192.6896,188.3104
228,82.7,153.1707,-70.4707
229,74.97,156.7792,-81.8092
230,124.12,119.4545,4.6655
231,115.0,120.9005,-5.9005
232,115.0,93.15,21.85
233,87.55,94.7201,-7.1701
234,155.99,121.3562,34.6338
235,136.91,162.3322,-25.4222
236,62.69,242.5869,-179.8969
237,64.22,120.1282,-55.9082
238,37.77,102.0477,-64.2777
239,188.64,203.5374,-14.8974
240,108.0,84.1872,23.8128
241,207.62,103.2693,104.3507
242,210.28,107.2479,103.0321
243,92.9,200.0953,-107.1953
244,262.7,212.4141,50.2859
245,91.23,267.2972,-176.0672
246,210.14,160.787,49.353
247,351.96,134.0293,217.9307
248,77.9,104.1241,-26.2241
249,51.84,112.2872,-60.4472
250,37.38,104.7731,-67.3931
251,75.68,174.4417,-98.7617
252,72.08,122.5852,-50.5052
253,402.56,297.8192,104.7408
254,96.52,402.5179,-305.9979
255,922.69,278.6963,643.9937
256,87.64,193.6698,-106.0298
257,39.04,190.4879,-151.4479
258,132.49,126.1015,6.3885
259,142.01,184.6694,-42.6594
260,70.17,171.5544,-101.3844
261,27.85,91.6795,-63.8295
262,274.56,118.1672,156.3928
263,238.63,237.0259,1.6041
264,37.28,167.5917,-130.3117
265,73.98,130.0589,-56.0789
266,162.33,169.5403,-7.2103
267,138.65,176.6543,-38.0043
268,27.22,161.9733,-134.7533
269,77.4,141.3628,-63.9628
270,173.62,114.0424,59.5776
271,467.36,317.4484,149.9116
272,39.75,91.0858,-51.3358
273,227.36,168.4469,58.9131
274,78.21,96.5862,-18.3762
275,356.13,113.0224,243.1076
276,252.38,236.2253,16.1547
277,91.86,100.7191,-8.8591
278,105.38,99.8501,5.5299
279,42.11,74.7953,-32.6853
280,42.11,81.4189,-39.3089
281,172.87,126.3012,46.5688
282,114.69,131.8974,-17.2074
283,114.18,157.6237,-43.4437
284,111.17,139.4561,-28.2861
285,228.86,226.5112,2.3488
286,75.36,121.3039,-45.9439
287,35.13,69.603,-34.473
288,323.0,83.3882,239.6118
289,80.4,151.1997,-70.7997
290,124.76,343.7403,-218.9803
291,50.13,104.1698,-54.0398
292,130.88,465.1284,-334.2484
293,91.2,127.3262,-36.1262
294,37.24,407.0546,-369.8146
295,59.33,181.843,-122.513
296,169.09,153.521,15.569
297,160.89,102.6293,58.2607
298,38.01,199.1865,-161.1765
299,77.9,121.0984,-43.1984
300,230.7,223.4987,7.2013
301,63.4,95.6678,-32.2678
302,245.11,138.7139,106.3961
303,387.57,89.2403,298.3297
304,1014.75,217.2327,797.5173
305,38.28,161.9053,-123.6253
306,162.3,105.6997,56.6003
307,254.94,241.3692,13.5708
308,98.26,151.9358,-53.6758
309,138.57,191.8629,-53.2929
310,218.51,112.3491,106.1609
311,104.87,72.4808,32.3892
312,21.38,165.3591,-143.9791
313,39.82,202.1762,-162.3562
314,39.49,117.0069,-77.5169
315,46.15,88.9634,-42.8134
316,316.85,111.1967,205.6533
317,258.5,406.228,-147.728
318,107.95,87.2437,20.7063
319,37.38,115.3101,-77.9301
320,295.72,172.7188,123.0012
321,107.5,188.3308,-80.8308
322,88.75,179.7256,-90.9756
323,57.99,96.0726,-38.0826
324,114.77,166.6846,-51.9146
325,40.25,141.4989,-101.2489
326,338.52,112.6105,225.9095
327,46.0,176.8361,-130.8361
328,74.29,150.6331,-76.3431
329,55.22,79.3087,-24.0887
330,36.18,63.5068,-27.3268
331,152.95,115.6588,37.2912
332,46.22,105.165,-58.945
333,100.22,104.7728,-4.5528
334,319.9,115.8435,204.0565
335,111.8,88.5554,23.2446
336,71.71,96.3271,-24.6171
337,104.87,96.831,8.039
338,314.68,87.5508,227.1292
339,117.49,152.2127,-34.7227
340,209.65,279.7738,-70.1238
341,96.26,79.8135,16.4465
342,175.72,142.5748,33.1452
343,52.06,80.859,-28.799
344,151.97,183.5621,-31.5921
345,101.16,96.0087,5.1513
346,202.76,205.9641,-3.2041
347,223.08,252.8601,-29.7801
348,89.03,116.283,-27.253
349,144.58,82.6771,61.9029
350,56.22,104.2976,-48.0776
351,128.24,101.8287,26.4113
352,145.51,72.9635,72.5465
353,130.8,176.0391,-45.2391
354,67.36,157.129,-89.769
355,220.18,161.7393,58.4407
356,32.38,95.5761,-63.1961
357,78.44,116.8803,-38.4403
358,130.01,119.3484,10.6616
359,87.17,191.7302,-104.5602
360,307.27,224.5664,82.7036
361,318.19,84.9682,233.2218
362,44.09,320.4478,-276.3578
363,352.76,234.4123,118.3477
364,68.18,138.287,-70.107
365,114.68,88.8746,25.8054
366,163.12,126.4594,36.6606
367,102.83,118.5823,-15.7523
368,34.92,183.8344,-148.9144
369,234.64,246.8556,-12.2156
370,46.03,96.248,-50.218
371,430.75,282.7737,147.9763
372,288.94,432.9611,-144.0211
373,144.66,160.4266,-15.7666
374,67.22,140.2624,-73.0424
375,49.56,111.6619,-62.1019
376,25.55,198.3724,-172.8224
377,446.94,299.8785,147.0615
378,847.38,193.1562,654.2238
379,54.13,137.9315,-83.8015
380,65.29,111.6841,-46.3941
381,21.28,181.7234,-160.4434
382,38.37,151.8987,-113.5287
383,40.09,144.8149,-104.7249
384,63.03,127.6441,-64.6141
385,106.37,53.8171,52.5529
386,57.77,65.7096,-7.9396
387,146.12,211.0767,-64.9567
388,59.0,79.2599,-20.2599
389,88.94,152.1251,-63.1851
390,98.65,127.7304,-29.0804
391,203.78,301.546,-97.766
392,69.97,158.6621,-88.6921
393,134.28,172.1439,-37.8639
394,88.49,178.9914,-90.5014
395,31.11,158.603,-127.493
396,76.88,161.0116,-84.1316
397,182.13,94.4094,87.7206
398,54.05,124.5225,-70.4725
399,37.05,57.8287,-20.7787
400,118.02,126.885,-8.865
401,90.88,165.9882,-75.1082
402,100.46,84.5379,15.9221
403,123.21,170.4969,-47.2869
404,22.39,107.2332,-84.8432
405,34.66,173.0944,-138.4344
406,23.3,97.4433,-74.1433
407,163.89,94.8665,69.0235
408,133.2,123.3552,9.8448
409,276.74,121.1555,155.5845
410,204.36,130.2505,74.1095
411,839.77,282.5091,557.2609
412,314.95,494.7703,-179.8203
413,315.17,456.1807,-141.0107
414,40.07,253.0447,-212.9747
415,24.39,86.9947,-62.6047
416,75.79,135.9196,-60.1296
417,52.75,148.8537,-96.1037
418,54.25,96.1542,-41.9042
419,192.68,174.9613,17.7187
420,206.49,249.3132,-42.8232
421,63.8,143.9463,-80.1463
422,150.89,297.3869,-146.4969
423,146.68,135.6891,10.9909
424,135.59,99.2913,36.2987
425,89.3,143.2161,-53.9161
426,585.39,201.8507,383.5393
427,171.34,132.1333,39.2067
428,158.58,119.4461,39.1339
429,184.09,118.5996,65.4904
430,113.23,194.2387,-81.0087
431,87.24,188.6346,-101.3946
432,76.18,67.0574,9.1226
433,71.34,96.5389,-25.1989
434,37.71,121.2412,-83.5312
435,227.22,158.8879,68.3321
436,62.21,135.6685,-73.4585
437,196.05,107.5619,88.4881
438,375.26,314.7538,60.5062
439,118.07,172.3396,-54.2696
440,83.75,150.1538,-66.4038
441,27.05,150.7814,-123.7314
442,160.05,90.5037,69.5463
443,132.95,206.3113,-73.3613
444,130.58,207.4262,-76.8462
445,65.87,227.5152,-161.6452
446,76.17,244.9598,-168.7898
447,123.69,246.6435,-122.9535
448,48.22,120.1373,-71.9173
449,100.34,184.4101,-84.0701
450,84.82,106.437,-21.617
451,269.12,213.401,55.719
452,61.99,103.846,-41.856
453,80.27,338.9175,-258.6475
454,514.92,470.9866,43.9334
455,126.23,106.4433,19.7867
456,116.73,191.3467,-74.6167
457,170.18,155.8818,14.2982
458,199.14,198.8211,0.3189
459,258.9,185.4735,73.4265
460,77.51,124.9699,-47.4599
461,100.41,134.0842,-33.6742
462,164.28,88.347,75.933
463,42.51,307.1099,-264.5999
464,55.85,62.4199,-6.5699
465,418.56,98.0382,320.5218
466,277.61,209.3683,68.2417
467,139.97,452.7227,-312.7527
468,123.56,145.2954,-21.7354
469,62.15,208.8177,-146.6677
470,110.26,310.5271,-200.2671
471,27.99,92.0101,-64.0201
472,61.39,160.6939,-99.3039
473,50.45,298.5117,-248.0617
474,42.78,100.1795,-57.3995
475,743.04,168.0921,574.9479
476,499.29,131.2311,368.0589
477,39.09,75.194,-36.104
478,26.78,187.971,-161.191
479,230.52,130.0686,100.4514
480,90.88,176.0539,-85.1739
481,91.18,82.2213,8.9587
482,157.3,146.3577,10.9423
483,111.52,233.2734,-121.7534
484,59.61,216.3089,-156.6989
485,81.51,112.7529,-31.2429
486,24.84,64.6556,-39.8156
487,293.85,353.0603,-59.2103
488,76.55,140.9294,-64.3794
489,142.02,269.3919,-127.3719
490,114.16,262.4878,-148.3278
491,68.31,170.5014,-102.1914
492,98.24,160.2166,-61.9766
493,50.73,196.0267,-145.2967
494,257.95,178.2349,79.7151
495,639.52,138.0396,501.4804
496,705.0,206.1482,498.8518
497,712.25,171.5114,540.7386
498,321.17,142.1807,178.9893
499,85.23,100.581,-15.351
500,609.66,384.9943,224.6657
501,291.68,188.8618,102.8182
502,244.74,389.9624,-145.2224
503,139.0,157.2487,-18.2487
504,71.37,137.3649,-65.9949
505,43.32,171.7086,-128.3886
506,211.84,106.1431,105.6969
507,1040.55,307.7226,732.8274
508,316.4,195.8034,120.5966
509,113.11,139.8129,-26.7029
510,32.37,133.6332,-101.2632
511,55.04,81.8736,-26.8336
512,60.72,187.9318,-127.2118
513,94.58,187.9635,-93.3835
514,109.75,212.1776,-102.4276
515,235.28,179.612,55.668
516,68.55,177.1951,-108.6451
517,73.49,93.4263,-19.9363
518,85.74,239.8892,-154.1492
519,138.09,177.1195,-39.0295
520,47.69,143.546,-95.856
521,68.97,363.6865,-294.7165
522,149.0,113.9432,35.0568
523,118.35,110.6762,7.6738
524,122.41,124.9402,-2.5302
525,143.99,115.3645,28.6255
526,164.36,145.1929,19.1671
527,21.04,112.7607,-91.7207
528,56.35,166.6601,-110.3101
529,97.05,86.9292,10.1208
530,47.04,269.0303,-221.9903
531,49.19,156.5147,-107.3247
532,649.14,187.1575,461.9825
533,534.25,449.7332,84.5168
534,428.32,209.1987,219.1213
535,41.69,128.8405,-87.1505
536,175.08,163.1641,11.9159
537,148.7,207.1622,-58.4622
538,60.43,149.278,-88.848
539,100.23,128.0906,-27.8606
540,64.03,79.7451,-15.7151
541,130.0,71.8932,58.1068
542,32.69,88.075,-55.385
543,336.16,115.6711,220.4889
544,105.32,114.0948,-8.7748
545,84.48,171.7549,-87.2749
546,112.52,117.7105,-5.1905
547,63.99,551.4604,-487.4704
548,116.57,372.5474,-255.9774
549,72.83,197.8747,-125.0447
550,66.23,130.8691,-64.6391
551,52.84,217.7542,-164.9142
552,51.66,129.7929,-78.1329
553,793.09,238.7899,554.3001
554,112.72,107.2368,5.4832
555,74.01,72.1404,1.8696
556,43.13,161.5053,-118.3753
557,53.48,113.2327,-59.7527
558,105.89,133.3486,-27.4586
559,56.4,147.1305,-90.7305
560,80.21,107.7004,-27.4904
561,378.0,138.4033,239.5967
562,60.85,93.1281,-32.2781
563,320.1,164.9733,155.1267
564,406.82,235.8086,171.0114
565,870.04,269.5201,600.5199
566,134.59,181.161,-46.571
567,192.76,104.134,88.626
568,175.08,83.6921,91.3879
569,145.37,111.27,34.1
570,32.42,72.1804,-39.7604
571,37.63,58.2413,-20.6113
572,62.69,73.4148,-10.7248
573,138.14,78.8514,59.2886
574,28.69,206.2273,-177.5373
575,254.7,203.602,51.098
576,165.26,169.5285,-4.2685
577,152.77,138.0932,14.6768
578,158.26,128.0249,30.2351
579,193.98,642.4772,-448.4972
580,164.63,132.5979,32.0321
581,64.18,210.9837,-146.8037
582,143.35,98.8231,44.5269
583,188.89,155.5475,33.3425
584,98.34,127.9895,-29.6495
585,15.89,214.9019,-199.0119
586,72.09,185.3832,-113.2932
587,158.85,135.3235,23.5265
588,1237.28,83.7199,1153.5601
589,138.73,174.8487,-36.1187
590,35.0,113.1988,-78.1988
591,675.75,189.5463,486.2037
592,32.63,186.8825,-154.2525
593,208.88,143.5726,65.3074
594,89.36,112.4512,-23.0912
595,99.34,165.7411,-66.4011
596,103.26,199.989,-96.729
597,95.76,127.0424,-31.2824
598,283.57,206.4049,77.1651
599,117.27,117.1027,0.1673
600,170.86,167.8319,3.0281
601,673.25,111.591,561.659
602,37.46,94.2736,-56.8136
603,43.03,86.4586,-43.4286
604,285.19,194.8016,90.3884
605,14.89,82.0844,-67.1944
606,221.79,159.8815,61.9085
607,46.2,88.2977,-42.0977
608,54.33,146.0915,-91.7615
609,34.23,62.5631,-28.3331
610,33.23,130.953,-97.723
611,43.82,174.9666,-131.1466
612,87.64,108.4007,-20.7607
613,366.96,136.1917,230.7683
614,162.49,230.7666,-68.2766
615,125.97,138.4655,-12.4955
616,157.91,171.4725,-13.5625
617,88.55,101.3897,-12.8397
618,75.07,108.0609,-32.9909
619,69.43,137.8472,-68.4172
620,116.67,165.7477,-49.0777
621,127.3,131.6501,-4.3501
622,56.6,189.5163,-132.9163
623,90.99,107.9822,-16.9922
624,28.4,325.9274,-297.5274
625,59.4,101.5087,-42.1087
626,101.31,84.6009,16.7091
627,160.76,225.6454,-64.8854
628,130.69,155.7724,-25.0824
629,154.7,96.142,58.558
630,57.29,113.2184,-55.9284
631,243.07,108.7591,134.3109
632,66.06,150.5098,-84.4498
633,120.16,276.5802,-156.4202
634,64.23,99.6357,-35.4057
635,1342.98,263.138,1079.842
636,25.13,159.4969,-134.3669
637,72.38,70.2527,2.1273
638,49.16,151.303,-102.143
639,288.68,146.2103,142.4697
640,286.12,81.9719,204.1481
641,150.39,181.1163,-30.7263
642,141.11,173.2373,-32.1273
643,47.22,79.0544,-31.8344
644,93.64,111.1437,-17.5037
645,48.19,68.0898,-19.8998
646,113.13,147.5746,-34.4446
647,181.78,115.2548,66.5252
648,278.79,219.8105,58.9795
649,262.24,232.8197,29.4203
650,91.23,81.8958,9.3342
651,202.94,108.7586,94.1814
652,167.27,172.6728,-5.4028
653,135.59,118.7971,16.7929
654,51.89,125.4943,-73.6043
655,64.16,73.2444,-9.0844
656,162.02,104.4132,57.6068
657,214.69,217.1491,-2.4591
658,485.23,271.3853,213.8447
659,173.95,108.1514,65.7986
660,198.25,212.0714,-13.8214
661,93.6,74.3493,19.2507
662,107.46,102.4771,4.9829
663,188.97,290.1582,-101.1882
664,42.78,76.4641,-33.6841
665,153.79,212.4396,-58.6496
666,87.55,94.7201,-7.1701
667,67.5,284.968,-217.468
668,163.24,167.4469,-4.2069
669,127.22,186.0115,-58.7915
670,106.21,71.0832,35.1268
671,36.69,129.9002,-93.2102
672,68.27,191.5826,-123.3126
673,92.9,185.3225,-92.4225
674,58.79,219.5023,-160.7123
675,65.92,189.9809,-124.0609
676,337.33,132.6591,204.6709
677,161.88,204.8219,-42.9419
678,141.35,121.3876,19.9624
679,50.73,178.8415,-128.1115
680,220.88,179.2259,41.6541
681,95.4,104.6743,-9.2743
682,268.65,141.2455,127.4045
683,43.1,131.4728,-88.3728
684,135.49,111.7839,23.7061
685,123.52,172.305,-48.785
686,88.94,121.9251,-32.9851
687,60.08,80.1265,-20.0465
688,62.11,191.0554,-128.9454
689,83.45,698.5643,-615.1143
690,92.83,83.6424,9.1876
691,154.04,171.8759,-17.8359
692,111.19,104.3935,6.7965
693,48.23,462.8805,-414.6505
694,109.48,275.9582,-166.4782
695,97.78,28.2931,69.4869
696,97.39,95.7007,1.6893
697,98.29,88.5614,9.7286
698,309.9,63.2609,246.6391
699,151.55,159.0203,-7.4703
700,41.98,116.6829,-74.7029
701,36.69,82.9272,-46.2372
702,102.3,163.5177,-61.2177
703,103.04,188.1524,-85.1124
704,58.94,83.2672,-24.3272
705,148.6,151.9888,-3.3888
706,53.29,165.1716,-111.8816
707,83.54,212.815,-129.275
708,52.04,218.3938,-166.3538
709,146.28,121.7728,24.5072
710,32.65,129.8208,-97.1708
711,126.44,177.0743,-50.6343
712,189.66,133.1949,56.4651
713,55.09,117.3509,-62.2609
714,209.47,218.1225,-8.6525
715,122.29,130.4487,-8.1587
716,133.35,103.7282,29.6218
717,67.13,119.6942,-52.5642
718,242.62,147.458,95.162
719,97.88,98.3942,-0.5142
720,44.61,77.2057,-32.5957
721,333.36,198.4115,134.9485
722,59.32,264.3114,-204.9914
723,59.32,220.5801,-161.2601
724,42.29,220.8705,-178.5805
725,100.57,105.3622,-4.7922
726,113.14,152.3867,-39.2467
727,42.71,566.0973,-523.3873
728,710.48,113.3634,597.1166
729,166.72,148.0379,18.6821
730,84.26,68.8973,15.3627
731,139.04,95.4773,43.5627
732,52.53,169.9443,-117.4143
733,123.27,94.7873,28.4827
734,123.5,91.1595,32.3405
735,217.26,253.4944,-36.2344
736,531.45,392.1705,139.2795
737,286.78,136.2374,150.5426
738,28.75,110.315,-81.565
739,48.78,69.4021,-20.6221
740,274.87,188.3047,86.5653
741,128.1,107.2711,20.8289
742,68.45,93.7549,-25.3049
743,148.36,168.5709,-20.2109
744,124.5,99.0111,25.4889
745,123.24,124.6697,-1.4297
746,58.16,141.1329,-82.9729
747,63.23,132.17,-68.94
748,115.21,71.2466,43.9634
749,82.83,143.724,-60.894
750,63.27,104.7582,-41.4882
751,126.68,169.2791,-42.5991
752,140.92,124.2533,16.6667
753,99.65,94.1977,5.4523
754,200.9,108.9771,91.9229
755,168.18,66.7298,101.4502
756,56.54,96.2074,-39.6674
757,65.71,84.3361,-18.6261
758,107.8,84.8759,22.9241
759,42.83,174.632,-131.802
760,32.23,173.1925,-140.9625
761,86.15,119.2795,-33.1295
762,140.62,100.3777,40.2423
763,156.83,141.8488,14.9812
764,133.76,127.4145,6.3455
765,64.0,85.0907,-21.0907
766,103.99,216.1921,-112.2021
767,46.88,69.4992,-22.6192
768,111.56,217.5227,-105.9627
769,66.44,166.7011,-100.2611
770,35.38,143.4294,-108.0494
771,36.46,251.2079,-214.7479
772,37.13,240.0173,-202.8873
773,40.25,77.1419,-36.8919
774,152.51,117.6559,34.8541
775,55.78,108.5804,-52.8004
776,238.23,210.2241,28.0059
777,1149.83,553.6813,596.1487
778,162.41,117.2231,45.1869
779,157.2,132.4943,24.7057
780,1376.45,250.8041,1125.6459
781,32.38,168.9952,-136.6152
782,41.75,118.7361,-76.9861
783,158.79,145.3853,13.4047
784,122.5,108.1897,14.3103
785,52.57,84.2147,-31.6447
786,30.85,120.3025,-89.4525
787,55.11,72.6869,-17.5769
788,204.29,208.6959,-4.4059
789,228.01,102.8519,125.1581
790,22.36,70.8714,-48.5114
791,170.12,126.0568,44.0632
792,78.8,169.9693,-91.1693
793,37.37,131.7936,-94.4236
794,65.38,318.4132,-253.0332
795,281.79,235.0383,46.7517
796,92.43,85.9762,6.4538
797,33.32,192.7801,-159.4601
798,11.56,235.6672,-224.1072
799,244.35,202.4583,41.8917
800,326.79,289.517,37.273
801,97.62,116.859,-19.239
802,122.19,113.8869,8.3031
803,36.24,97.0603,-60.8203
804,62.11,100.7156,-38.6056
805,102.64,150.9303,-48.2903
806,157.02,187.2072,-30.1872
807,184.86,79.0056,105.8544
808,40.28,170.7012,-130.4212
809,41.94,122.0382,-80.0982
810,81.11,93.3521,-12.2421
811,92.5,226.4394,-133.9394
812,106.08,123.8201,-17.7401
813,305.01,177.3313,127.6787
814,182.34,161.636,20.704
815,82.33,131.3836,-49.0536
816,94.47,107.3703,-12.9003
817,60.25,157.6887,-97.4387
818,27.79,162.2888,-134.4988
819,89.08,106.8606,-17.7806
820,68.35,108.6428,-40.2928
821,158.49,73.5004,84.9896
822,101.86,209.8368,-107.9768
823,63.34,130.73,-67.39
824,37.34,146.5358,-109.1958
825,318.97,181.691,137.279
826,48.69,97.0045,-48.3145
827,356.74,296.6047,60.1353
828,265.19,222.0339,43.1561
829,112.93,180.362,-67.432
830,82.8,203.4725,-120.6725
831,90.04,173.1355,-83.0955
832,46.0,233.2133,-187.2133
833,102.94,68.4,34.54
834,67.14,140.2821,-73.1421
835,32.77,216.9694,-184.1994
836,197.04,224.9071,-27.8671
837,148.74,216.8951,-68.1551
838,50.99,79.9757,-28.9857
839,93.7,195.7644,-102.0644
840,104.68,139.1886,-34.5086
841,95.37,215.531,-120.161
842,197.23,123.0513,74.1787
843,95.09,133.4464,-38.3564
844,117.16,168.5781,-51.4181
845,666.68,122.7689,543.9111
846,223.61,132.5364,91.0736
847,69.49,112.6077,-43.1177
848,79.11,109.0251,-29.9151
849,41.69,95.147,-53.457
850,168.32,181.0647,-12.7447
851,75.76,127.786,-52.026
852,80.23,113.0947,-32.8647
853,109.35,97.6143,11.7357
854,258.90000000000003,117.4268,141.4732
855,365.25,109.2167,256.0333
856,166.96,186.6138,-19.6538
857,213.73,95.529,118.201
858,98.1,201.2599,-103.1599
859,97.43,125.6427,-28.2127
860,432.18,141.0137,291.1663
861,173.82,75.6116,98.2084
862,46.3,204.0184,-157.7184
863,105.71,141.6231,-35.9131
864,138.6,140.6419,-2.0419
865,55.13,125.0563,-69.9263
866,166.16,110.7909,55.3691
867,99.8,81.121,18.679
868,77.29,166.9562,-89.6662
869,54.5,93.7779,-39.2779
870,50.05,230.3773,-180.3273
871,55.09,106.0145,-50.9245
872,56.73,143.094,-86.364
873,142.67,168.5718,-25.9018
874,494.62,111.477,383.143
875,72.18,100.5396,-28.3596
876,106.08,82.7931,23.2869
877,127.87,97.2815,30.5885
878,85.85,148.492,-62.642
879,134.2,153.5954,-19.3954
880,45.27,133.3151,-88.0451
881,172.72,93.377,79.343
882,228.49,232.237,-3.747
883,57.29,187.0998,-129.8098
884,47.58,94.2264,-46.6464
885,226.44,156.0992,70.3408
886,308.12,166.1372,141.9828
887,181.87,234.8269,-52.9569
888,77.21,213.5489,-136.3389
889,126.52,118.8902,7.6298
890,449.01,759.8342,-310.8242
891,63.44,166.4741,-103.0341
892,157.21,113.0315,44.1785
893,21.04,94.7168,-73.6768
894,216.15,124.4852,91.6648
895,138.53,315.5814,-177.0514
896,168.5,147.633,20.867
897,97.0,164.858,-67.858
898,28.4,128.6138,-100.2138
899,70.6,214.561,-143.961
900,25.03,126.5138,-101.4838
901,159.6,191.3761,-31.7761
902,59.32,98.2454,-38.9254
903,136.79,105.7593,31.0307
904,457.82,159.1978,298.6222
905,123.67,132.8074,-9.1374
906,55.09,115.9552,-60.8652
907,95.3,173.8091,-78.5091
908,80.21,131.1421,-50.9321
909,74.64,99.8295,-25.1895
910,55.69,238.3614,-182.6714
911,26.38,107.0465,-80.6665
912,408.66,209.3759,199.2841
913,93.37,104.6689,-11.2989
914,300.68,96.3488,204.3312
915,64.78,93.4592,-28.6792
916,109.59,135.2799,-25.6899
917,32.43,146.7747,-114.3447
918,164.04,104.9294,59.1106
919,31.95,161.402,-129.452
920,110.77,257.2311,-146.4611
921,60.42,78.4718,-18.0518
922,91.5,102.3645,-10.8645
923,87.94,148.1622,-60.2222
924,175.06,204.0929,-29.0329
925,40.27,277.7437,-237.4737
926,85.27,125.3076,-40.0376
927,92.4,118.1412,-25.7412
928,154.34,170.1248,-15.7848
929,131.64,106.162,25.478
930,152.02,116.0183,36.0017
931,43.22,98.3698,-55.1498
932,35.92,132.4943,-96.5743
933,59.28,142.2424,-82.9624
934,159.69,158.7202,0.9698
935,79.32,112.4183,-33.0983
936,162.16,130.0268,32.1332
937,116.92,124.8865,-7.9665
938,83.16,111.4786,-28.3186
939,385.68,139.0515,246.6285
940,246.8,152.2153,94.5847
941,195.72,151.2236,44.4964
942,85.11,175.1308,-90.0208
943,179.22,168.9065,10.3135
944,179.22,172.3027,6.9173
945,63.92,201.9647,-138.0447
946,132.95,140.9664,-8.0164
947,31.77,227.5539,-195.7839
948,179.78,187.983,-8.203
949,141.78,130.1738,11.6062
950,31.59,102.1087,-70.5187
951,567.57,240.4608,327.1092
952,157.22,109.6429,47.5771
953,32.72,65.1195,-32.3995
954,34.13,208.0919,-173.9619
955,52.78,120.6814,-67.9014
956,67.4,166.9953,-99.5953
957,75.5,129.8607,-54.3607
958,40.1,92.3814,-52.2814
959,64.01,151.5079,-87.4979
960,200.02,85.5512,114.4688
961,202.46,125.028,77.432
962,80.14,165.8874,-85.7474
963,60.0,116.4821,-56.4821
964,392.94,400.5199,-7.5799
965,50.93,220.5224,-169.5924
966,74.21,279.0083,-204.7983
967,336.99,161.4324,175.5576
968,48.21,196.7239,-148.5139
969,189.82,77.4125,112.4075
970,114.68,117.8126,-3.1326
971,425.89,120.184,305.706
972,246.46,290.0169,-43.5569
973,266.47,174.97,91.5
974,195.51,99.1391,96.3709
975,826.99,516.9625,310.0275
976,62.01,210.4993,-148.4893
977,38.86,72.2598,-33.3998
978,105.85,90.6026,15.2474
979,66.63,110.8017,-44.1717
980,70.65,161.7331,-91.0831
981,164.17,393.0544,-228.8844
982,94.31,121.4887,-27.1787
983,162.68,124.0717,38.6083
984,213.37,121.6771,91.6929
985,415.45,158.3214,257.1286
986,55.06,77.194,-22.134
987,193.55,190.3754,3.1746
988,296.1,110.1317,185.9683
989,96.52,178.5167,-81.9967
990,752.21,240.4661,511.7439
991,139.81,237.7565,-97.9465
992,77.75,104.7412,-26.9912
993,97.54,101.9818,-4.4418
994,96.32,70.8847,25.4353
995,354.17,96.2172,257.9528
996,52.1,111.649,-59.549
997,132.44,59.9713,72.4687
998,95.34,345.1541,-249.8141
999,54.09,210.7305,-156.6405
1000,22.29,88.397,-66.107
1001,58.95,201.32,-142.37
1002,133.76,112.6104,21.1496
1003,110.77,214.8962,-104.1262
1004,76.15,175.4368,-99.2868
1005,53.38,210.8965,-157.5165
1006,62.95,84.2493,-21.2993
1007,30.41,68.9251,-38.5151
1008,107.85,86.335,21.515
1009,34.44,67.8369,-33.3969
1010,96.4,73.8889,22.5111
1011,38.66,73.3289,-34.6689
1012,51.13,75.2846,-24.1546
1013,38.69,135.95,-97.26
1014,127.64,154.7461,-27.1061
1015,116.06,100.5285,15.5315
1016,143.8,178.4665,-34.6665
1017,97.16,137.9928,-40.8328
1018,63.83,98.5166,-34.6866
1019,42.51,95.6358,-53.1258
1020,209.21,72.527,136.683
1021,325.83,180.3266,145.5034
1022,150.17,142.5311,7.6389
1023,35.0,113.1684,-78.1684
1024,65.0,160.4666,-95.4666
1025,175.02,78.118,96.902
1026,140.58,139.4226,1.1574
1027,117.76,155.233,-37.473
1028,79.51,196.3774,-116.8674
1029,117.85,177.1907,-59.3407
1030,66.46,136.0112,-69.5512
1031,410.13,152.9568,257.1732
1032,144.26,174.1076,-29.8476
1033,312.49,95.6308,216.8592
1034,48.83,474.3161,-425.4861
1035,191.02,155.1805,35.8395
1036,156.45,193.7623,-37.3123
1037,77.37,125.8232,-48.4532
1038,121.19,218.0631,-96.8731
1039,82.14,112.6516,-30.5116
1040,188.5,152.5582,35.9418
1041,99.43,104.9033,-5.4733
1042,138.29,172.5969,-34.3069
1043,104.38,175.4114,-71.0314
1044,160.5,107.1053,53.3947
1045,88.5,160.7952,-72.2952
1046,92.6,115.2659,-22.6659
1047,19.39,30.2467,-10.8567
1048,118.35,103.5262,14.8238
1049,133.25,198.9433,-65.6933
1050,95.4,116.6125,-21.2125
1051,274.24,97.8932,176.3468
1052,211.31,181.9599,29.3501
1053,171.75,201.4987,-29.7487
1054,50.34,94.3545,-44.0145
1055,108.33,159.2073,-50.8773
1056,23.88,141.9553,-118.0753
1057,148.18,147.8396,0.3404
1058,221.65,111.5938,110.0562
1059,139.42,129.9749,9.4451
1060,169.87,212.0404,-42.1704
1061,115.15,125.7046,-10.5546
1062,103.04,93.3434,9.6966
1063,38.63,224.4797,-185.8497
1064,62.69,93.4822,-30.7922
1065,57.67,159.1639,-101.4939
1066,201.14,180.6768,20.4632
1067,143.01,254.7482,-111.7382
1068,163.55,143.6157,19.9343
1069,214.59,115.0135,99.5765
1070,35.33,115.4857,-80.1557
1071,69.62,73.5515,-3.9315
1072,75.17,247.8695,-172.6995
1073,220.74,234.9977,-14.2577
1074,153.69,141.7173,11.9727
1075,117.54,126.4627,-8.9227
1076,73.43,176.5929,-103.1629
1077,338.1,136.5601,201.5399
1078,96.62,106.8599,-10.2399
1079,344.51,181.5794,162.9306
1080,131.46,85.7395,45.7205
1081,45.67,92.5431,-46.8731
1082,259.57,150.6641,108.9059
1083,153.96,137.7302,16.2298
1084,135.49,237.5962,-102.1062
1085,114.85,116.7072,-1.8572
1086,116.9,201.3671,-84.4671
1087,223.48,138.4996,84.9804
1088,51.39,115.7106,-64.3206
1089,104.87,118.133,-13.263
1090,150.37,115.0468,35.3232
1091,133.57,178.3543,-44.7843
1092,35.09,130.7767,-95.6867
1093,193.84,280.512,-86.672
1094,274.82,355.2017,-80.3817
1095,60.0,245.092,-185.092
1096,368.06,113.3658,254.6942
1097,67.05,153.2739,-86.2239
1098,499.5,280.5825,218.9175
1099,70.46,103.855,-33.395
1100,172.89,182.9596,-10.0696
1101,71.88,114.0748,-42.1948
1102,70.6,104.4806,-33.8806
1103,104.7,173.6755,-68.9755
1104,49.53,80.1222,-30.5922
1105,99.43,147.121,-47.691
1106,57.51,132.0587,-74.5487
1107,121.87,180.401,-58.531
1108,118.48,91.8589,26.6211
1109,187.19,125.494,61.696
1110,37.1,139.4068,-102.3068
1111,239.56,249.183,-9.623
1112,136.37,226.8229,-90.4529
1113,164.63,130.1868,34.4432
1114,102.47,122.2932,-19.8232
1115,77.99,120.105,-42.115
1116,40.78,119.59,-78.81
1117,52.42,74.3759,-21.9559
1118,176.69,149.7554,26.9346
1119,54.55,131.4849,-76.9349
1120,99.65,129.8406,-30.1906
1121,271.23,146.8786,124.3514
1122,36.78,54.3632,-17.5832
1123,34.79,179.1721,-144.3821
1124,200.33,217.3646,-17.0346
1125,111.65,139.0368,-27.3868
1126,54.01,105.0749,-51.0649
1127,44.42,103.8475,-59.4275
1128,93.82,109.7607,-15.9407
1129,37.77,171.1493,-133.3793
1130,158.3,106.5692,51.7308
1131,74.36,121.6146,-47.2546
1132,154.92,190.0025,-35.0825
1133,28.38,191.9102,-163.5302
1134,107.2,135.1871,-27.9871
1135,33.22,118.7399,-85.5199
1136,37.77,79.9374,-42.1674
1137,92.9,115.2687,-22.3687
1138,46.23,125.5348,-79.3048
1139,100.7,181.7031,-81.0031
1140,61.42,162.1403,-100.7203
1141,69.69,158.6389,-88.9489
1142,72.38,132.7633,-60.3833
1143,42.4,161.5244,-119.1244
1144,484.25,117.6542,366.5958
1145,104.79,132.0354,-27.2454
1146,162.06,386.7873,-224.7273
1147,145.73,66.4162,79.3138
1148,211.71,189.2569,22.4531
1149,99.43,59.8637,39.5663
1150,32.33,90.6928,-58.3628
1151,19.88,88.0582,-68.1782
1152,63.42,157.9016,-94.4816
1153,167.45,167.2256,0.2244
1154,54.79,276.5794,-221.7894
1155,100.06,157.0483,-56.9883
1156,192.44,157.3931,35.0469
1157,273.48,272.38,1.1
1158,209.91,101.1405,108.7695
1159,177.77,116.2779,61.4921
1160,68.0,201.2989,-133.2989
1161,63.6,141.0071,-77.4071
1162,62.33,109.7777,-47.4477
1163,111.61,115.1703,-3.5603
1164,146.12,112.4966,33.6234
1165,96.88,124.0947,-27.2147
1166,353.21,123.4788,229.7312
1167,67.5,160.523,-93.023
1168,486.45,140.0873,346.3627
1169,43.22,200.832,-157.612
1170,112.3,208.1456,-95.8456
1171,126.64,138.5508,-11.9108
1172,113.61,147.1295,-33.5195
1173,125.63,124.4693,1.1607
1174,164.16,166.0159,-1.8559
1175,211.03,168.9665,42.0635
1176,139.15,122.3045,16.8455
1177,62.21,122.6733,-60.4633
1178,89.28,131.7625,-42.4825
1179,153.1,104.335,48.765
1180,262.9,163.3449,99.5551
1181,110.32,134.5694,-24.2494
1182,61.47,97.5935,-36.1235
1183,32.43,132.3861,-99.9561
1184,83.87,107.9929,-24.1229
1185,104.43,102.8238,1.6062
1186,54.74,72.6253,-17.8853
1187,59.91,127.0888,-67.1788
1188,100.34,101.0882,-0.7482
1189,118.35,136.4048,-18.0548
1190,70.82,126.3648,-55.5448
1191,53.15,129.9552,-76.8052
1192,457.2,222.4712,234.7288
1193,38.34,117.3854,-79.0454
1194,58.79,73.5615,-14.7715
1195,227.13,91.894,135.236
1196,143.93,116.7139,27.2161
1197,113.11,163.6013,-50.4913
1198,111.1,269.3422,-158.2422
1199,286.18,120.6122,165.5678
1200,127.0,76.9312,50.0688
1201,108.12,218.306,-110.186
1202,726.84,185.0452,541.7948
1203,727.88,359.2266,368.6534
1204,489.24,124.9022,364.3378
1205,108.33,79.1503,29.1797
1206,152.58,145.7705,6.8095
1207,335.0,166.5775,168.4225
1208,135.32,209.2652,-73.9452
1209,58.74,96.4129,-37.6729
1210,98.65,209.8557,-111.2057
1211,149.64,228.1887,-78.5487
1212,91.23,247.983,-156.753
1213,49.0,171.2147,-122.2147
1214,61.85,111.323,-49.473
1215,172.32,208.2433,-35.9233
1216,48.22,101.9524,-53.7324
1217,87.18,124.1113,-36.9313
1218,16.84,71.5102,-54.6702
1219,173.88,100.7884,73.0916
1220,480.59,216.9851,263.6049
1221,254.58,172.5202,82.0598
1222,445.59,87.2062,358.3838
1223,24.78,126.8653,-102.0853
1224,72.98,189.2753,-116.2953
1225,81.11,161.8667,-80.7567
1226,55.88,145.8081,-89.9281
1227,52.64,199.5624,-146.9224
1228,49.03,102.4722,-53.4422
1229,167.2,112.8037,54.3963
1230,475.42,122.0088,353.4112
1231,46.52,106.5896,-60.0696
1232,86.2,89.9492,-3.7492
1233,35.4,243.1322,-207.7322
1234,268.29,107.0374,161.2526
1235,166.16,137.3319,28.8281
1236,228.65,169.3175,59.3325
1237,41.18,124.0601,-82.8801
1238,63.42,144.2787,-80.8587
1239,48.72,124.2905,-75.5705
1240,170.84,88.5541,82.2859
1241,315.61,129.3395,186.2705
1242,301.35,253.3248,48.0252
1243,92.5,137.3587,-44.8587
1244,28.23,96.6774,-68.4474
1245,20.31,73.2369,-52.9269
1246,166.55,106.4867,60.0633
1247,599.56,151.7498,447.8102
1248,60.72,276.6224,-215.9024
1249,62.87,159.7612,-96.8912
1250,95.56,128.9727,-33.4127
1251,167.62,116.6893,50.9307
1252,674.69,133.066,541.624
1253,204.81,171.3587,33.4513
1254,76.17,120.2337,-44.0637
1255,281.52,124.2588,157.2612
1256,104.61,126.3455,-21.7355
1257,20.29,66.0281,-45.7381
1258,68.4,130.5636,-62.1636
1259,91.29,60.2019,31.0881
1260,81.33,154.8414,-73.5114
1261,107.66,175.9908,-68.3308
1262,130.68,87.0722,43.6078
1263,69.03,125.8114,-56.7814
1264,149.31,118.9345,30.3755
1265,133.21,114.8133,18.3967
1266,121.39,124.3131,-2.9231
1267,132.64,159.1626,-26.5226
1268,153.72,155.3255,-1.6055
1269,81.32,59.8042,21.5158
1270,87.55,108.3969,-20.8469
1271,50.22,110.0083,-59.7883
1272,46.56,209.5819,-163.0219
1273,241.5,227.6196,13.8804
1274,71.01,165.3745,-94.3645
1275,54.95,86.03,-31.08
1276,148.97,118.6943,30.2757
1277,317.57,133.5517,184.0183
1278,63.86,77.0646,-13.2046
1279,160.58,152.4042,8.1758
1280,48.3,160.2755,-111.9755
1281,99.65,129.0315,-29.3815
1282,113.76,149.1896,-35.4296
1283,65.43,93.4496,-28.0196
1284,38.48,131.0698,-92.5898
1285,189.37,155.1613,34.2087
1286,72.56,168.7074,-96.1474
1287,97.02,144.2052,-47.1852
1288,171.77,126.8794,44.8906
1289,380.12,171.9328,208.1872
1290,163.58,252.1863,-88.6063
1291,198.11,81.6212,116.4888
1292,62.91,166.8434,-103.9334
1293,183.98,153.7122,30.2678
1294,52.93,179.1202,-126.1902
1295,24.77,65.0523,-40.2823
1296,84.51,113.4344,-28.9244
1297,57.7,797.108,-739.408
1298,54.79,160.052,-105.262
1299,161.02,162.4502,-1.4302
1300,161.04,137.514,23.526
1301,187.36,118.478,68.882
1302,239.06,113.944,125.116
1303,603.52,168.7998,434.7202
1304,44.78,268.6379,-223.8579
1305,117.85,169.1595,-51.3095
1306,50.68,257.5473,-206.8673
1307,130.59,180.4591,-49.8691
1308,32.68,317.1185,-284.4385
1309,35.39,82.8349,-47.4449
1310,41.93,63.9919,-22.0619
1311,72.72,96.8443,-24.1243
1312,19.64,170.1985,-150.5585
1313,471.0,77.4298,393.5702
1314,431.92,579.1211,-147.2011
1315,33.82,127.3195,-93.4995
1316,347.58,138.1978,209.3822
1317,312.74,207.7569,104.9831
1318,79.24,170.1769,-90.9369
1319,65.09,101.7291,-36.6391
1320,42.38,139.6615,-97.2815
1321,62.29,125.5937,-63.3037
1322,40.1,122.3154,-82.2154
1323,298.77,280.3052,18.4648
1324,120.98,202.1727,-81.1927
1325,86.15,143.9749,-57.8249
1326,379.32,113.515,265.805
1327,61.18,415.4293,-354.2493
1328,90.28,78.3643,11.9157
1329,79.29,175.429,-96.139
1330,82.98,119.4697,-36.4897
1331,34.75,166.857,-132.107
1332,187.43,143.2984,44.1316
1333,171.09,185.1212,-14.0312
1334,250.62,115.9552,134.6648
1335,139.75,132.1974,7.5526
1336,118.63,104.3357,14.2943
1337,104.87,119.3227,-14.4527
1338,319.19,135.0552,184.1348
1339,205.42,150.2351,55.1849
1340,56.39,106.8787,-50.4887
1341,174.96,130.6536,44.3064
1342,138.53,129.7017,8.8283
1343,150.37,205.3461,-54.9761
1344,176.2,219.2017,-43.0017
1345,91.29,148.944,-57.654
1346,147.52,148.6182,-1.0982
1347,44.45,65.0971,-20.6471
1348,227.38,220.0279,7.3521
1349,169.32,101.9383,67.3817
1350,62.11,202.1808,-140.0708
1351,62.92,480.4224,-417.5024
1352,89.31,112.1777,-22.8677
1353,155.45,173.8815,-18.4315
1354,87.64,154.3683,-66.7283
1355,33.54,101.3656,-67.8256
1356,73.43,61.8256,11.6044
1357,79.34,111.7478,-32.4078
1358,79.34,132.0743,-52.7343
1359,56.99,135.3363,-78.3463
1360,61.14,164.7496,-103.6096
1361,182.62,133.0488,49.5712
1362,83.23,196.2993,-113.0693
1363,37.37,78.6124,-41.2424
1364,284.66,233.8553,50.8047
1365,92.83,232.5867,-139.7567
1366,142.67,247.5583,-104.8883
1367,237.34,283.135,-45.795
1368,126.19,78.0028,48.1872
1369,97.03,104.3809,-7.3509
1370,112.84,76.8867,35.9533
1371,32.23,309.4615,-277.2315
1372,27.75,106.2908,-78.5408
1373,136.71,249.395,-112.685
1374,88.61,91.1784,-2.5684
1375,108.17,116.4432,-8.2732
1376,86.24,67.8676,18.3724
1377,88.74,86.9561,1.7839
1378,40.65,134.2775,-93.6275
1379,162.56,156.7991,5.7609
1380,126.32,105.4607,20.8593
1381,64.43,165.8728,-101.4428
1382,83.06,179.2358,-96.1758
1383,47.37,85.6722,-38.3022
1384,70.26,192.7107,-122.4507
1385,235.05,77.7287,157.3213
1386,89.45,117.1429,-27.6929
1387,157.22,169.8823,-12.6623
1388,179.22,188.5244,-9.3044
1389,961.49,108.5101,852.9799
1390,80.51,115.71,-35.2
1391,385.68,198.137,187.543
1392,184.93,134.9707,49.9593
1393,265.49,153.9874,111.5026
1394,21.38,81.9028,-60.5228
1395,258.49,144.0757,114.4143
1396,285.68,142.2403,143.4397
1397,59.36,93.0744,-33.7144
1398,23.83,135.1547,-111.3247
1399,32.38,77.915,-45.535
1400,336.0,209.0422,126.9578
1401,47.44,69.4259,-21.9859
1402,78.3,134.0836,-55.7836
1403,100.77,234.5629,-133.7929
1404,351.32,447.6792,-96.3592
1405,175.13,195.3347,-20.2047
1406,199.14,132.8747,66.2653
1407,80.32,97.1492,-16.8292
1408,106.16,109.3699,-3.2099
1409,48.17,163.9581,-115.7881
1410,40.22,131.8953,-91.6753
1411,313.84,112.7341,201.1059
1412,62.0,151.7075,-89.7075
1413,58.74,85.9715,-27.2315
1414,103.99,121.4121,-17.4221
1415,398.84,279.2658,119.5742
1416,157.11,150.071,7.039
1417,149.7,234.7499,-85.0499
1418,626.68,112.9151,513.7649
1419,550.17,184.9043,365.2657
1420,188.5,145.2476,43.2524
1421,77.19,121.9629,-44.7729
1422,210.01,145.8354,64.1746
1423,37.47,98.0339,-60.5639
1424,51.67,130.6754,-79.0054
1425,104.72,116.6585,-11.9385
1426,48.14,160.6851,-112.5451
1427,19.29,84.0383,-64.7483
1428,108.41,159.8068,-51.3968
1429,29.74,113.6846,-83.9446
1430,55.09,138.03,-82.94
1431,177.59,128.9949,48.5951
1432,479.44,142.7873,336.6527
1433,55.46,158.5709,-103.1109
1434,305.96,99.6029,206.3571
1435,93.28,161.1122,-67.8322
1436,75.07,75.2004,-0.1304
1437,143.04,209.2643,-66.2243
1438,177.39,293.5573,-116.1673
1439,1047.99,453.9145,594.0755
1440,1202.64,482.7336,719.9064
1441,1202.64,650.0723,552.5677
1442,52.29,114.5814,-62.2914
1443,189.26,335.9452,-146.6852
1444,39.09,64.5276,-25.4376
1445,119.79,82.2142,37.5758
1446,75.14,145.6926,-70.5526
1447,72.66,121.4955,-48.8355
1448,49.09,173.8176,-124.7276
1449,168.33,164.9836,3.3464
1450,69.13,208.8064,-139.6764
1451,377.28,463.3806,-86.1006
1452,103.26,262.3078,-159.0478
1453,247.48,68.4037,179.0763
1454,49.0,125.3585,-76.3585
1455,84.72,253.9752,-169.2552
1456,78.86,148.4593,-69.5993
1457,159.23,151.8607,7.3693
1458,213.68,214.0099,-0.3299
1459,95.56,163.17,-67.61
1460,192.12,191.6894,0.4306
1461,94.2,236.8463,-142.6463
1462,58.28,68.144,-9.864
1463,111.72,137.5205,-25.8005
1464,99.43,145.933,-46.503
1465,59.66,103.1504,-43.4904
1466,143.0,394.303,-251.303
1467,111.31,159.9085,-48.5985
1468,41.75,243.4231,-201.6731
1469,366.19,209.5313,156.6587
1470,166.9,198.2625,-31.3625
1471,76.22,83.6443,-7.4243
1472,283.86,196.9198,86.9402
1473,113.68,125.3471,-11.6671
1474,94.39,205.3156,-110.9256
1475,59.3,106.7129,-47.4129
1476,146.45,123.4364,23.0136
1477,317.4,127.9004,189.4996
1478,55.24,117.2835,-62.0435
1479,63.22,125.2397,-62.0197
1480,88.15,424.115,-335.965
1481,388.88,172.3282,216.5518
1482,85.62,126.1724,-40.5524
1483,243.62,145.6825,97.9375
1484,283.49,144.7172,138.7728
1485,130.47,111.6579,18.8121
1486,177.25,95.4663,81.7837
1487,57.27,204.9594,-147.6894
1488,491.69,215.2432,276.4468
1489,27.75,276.2602,-248.5102
1490,95.29,152.6135,-57.3235
1491,105.59,298.1703,-192.5803
1492,452.41,228.9471,223.4629
1493,51.29,69.8229,-18.5329
1494,59.82,472.9817,-413.1617
1495,54.36,135.2998,-80.9398
1496,54.36,82.4979,-28.1379
1497,66.94,142.1046,-75.1646
1498,52.84,75.0733,-22.2333
1499,52.92,152.6352,-99.7152
1500,155.47,108.4358,47.0342
1501,97.66,321.3735,-223.7135
1502,56.86,239.259,-182.399
1503,49.24,119.0574,-69.8174
1504,48.78,118.2921,-69.5121
1505,45.22,157.2293,-112.0093
1506,121.11,144.9822,-23.8722
1507,205.85,112.3777,93.4723
1508,66.26,389.4691,-323.2091
1509,58.85,138.6947,-79.8447
1510,106.21,238.9312,-132.7212
1511,98.85,111.3307,-12.4807
1512,91.58,111.813,-20.233
1513,199.0,240.267,-41.267
1514,541.0,459.6551,81.3449
1515,239.34,467.5289,-228.1889
1516,40.76,308.9165,-268.1565
1517,205.98,119.4236,86.5564
1518,195.4,133.2907,62.1093
1519,109.17,151.5889,-42.4189
1520,201.09,201.2383,-0.1483
1521,202.79,157.4036,45.3864
1522,117.38,530.703,-413.323
1523,110.55,85.3009,25.2491
1524,142.25,159.8472,-17.5972
1525,124.28,177.7808,-53.5008
1526,154.52,130.0305,24.4895
1527,37.69,152.2228,-114.5328
1528,250.68,247.2938,3.3862
1529,82.73,95.4972,-12.7672
1530,103.35,97.4697,5.8803
1531,566.19,65.6465,500.5435
1532,419.67,586.4334,-166.7634
1533,38.13,470.201,-432.071
1534,49.48,246.1508,-196.6708
1535,37.34,156.4184,-119.0784
1536,266.66,123.4805,143.1795
1537,94.31,133.1967,-38.8867
1538,158.42,128.9646,29.4554
1539,42.58,94.6213,-52.0413
1540,115.81,126.5751,-10.7651
1541,175.02,261.3471,-86.3271
1542,201.16,178.5548,22.6052
1543,145.78,133.6331,12.1469
1544,113.22,123.5394,-10.3194
1545,247.86,71.2702,176.5898
1546,96.47,144.3563,-47.8863
1547,45.17,53.494,-8.324
1548,203.52,268.2307,-64.7107
1549,123.82,88.7492,35.0708
1550,34.81,122.668,-87.858
1551,92.03,127.2719,-35.2419
1552,203.08,190.7555,12.3245
1553,138.26,169.1036,-30.8436
1554,107.8,150.9192,-43.1192
1555,88.17,127.6324,-39.4624
1556,74.94,117.9273,-42.9873
1557,74.94,209.273,-134.333
1558,96.32,101.9913,-5.6713
1559,212.75,259.7955,-47.0455
1560,54.72,184.7648,-130.0448
1561,102.97,171.3591,-68.3891
1562,27.38,113.2432,-85.8632
1563,328.72,70.776,257.944
1564,116.79,170.1712,-53.3812
1565,69.69,172.5719,-102.8819
1566,42.39,163.785,-121.395
1567,60.39,166.6381,-106.2481
1568,77.41,174.248,-96.838
1569,50.93,127.8848,-76.9548
1570,128.87,106.8146,22.0554
1571,44.44,127.3888,-82.9488
1572,144.96,64.7375,80.2225
1573,87.22,104.0997,-16.8797
1574,159.16,83.401,75.759
1575,364.89,302.4883,62.4017
1576,193.18,133.4307,59.7493
1577,202.98,102.994,99.986
1578,92.68,139.9481,-47.2681
1579,38.04,156.8538,-118.8138
1580,94.58,161.6949,-67.1149
1581,147.0,148.7754,-1.7754
1582,32.38,91.4207,-59.0407
1583,33.73,113.898,-80.168
1584,282.67,95.7032,186.9668
1585,133.62,196.4882,-62.8682
1586,199.44,128.8475,70.5925
1587,122.08,236.4992,-114.4192
1588,31.75,106.5283,-74.7783
1589,374.93,156.2452,218.6848
1590,109.38,199.3018,-89.9218
1591,104.43,152.8652,-48.4352
1592,113.8,118.8268,-5.0268
1593,106.97,118.5632,-11.5932
1594,166.04,87.4226,78.6174
1595,20.09,146.2988,-126.2088
1596,834.12,65.0575,769.0625
1597,392.89,102.8733,290.0167
1598,275.19,217.8359,57.3541
1599,133.77,257.507,-123.737
1600,136.95,123.2501,13.6999
1601,72.78,80.8323,-8.0523
1602,56.78,87.2404,-30.4604
1603,63.97,168.943,-104.973
1604,216.1,163.5196,52.5804
1605,112.71,87.5414,25.1686
1606,134.83,246.2582,-111.4282
1607,306.54,271.0215,35.5185
1608,120.65,115.5437,5.1063
1609,170.76,142.6227,28.1373
1610,637.11,403.3393,233.7707
1611,32.69,28.3815,4.3085
1612,249.08,188.019,61.061
1613,87.8,181.3346,-93.5346
1614,309.28,163.7054,145.5746
1615,22.36,127.5026,-105.1426
1616,43.55,104.4029,-60.8529
1617,53.13,96.904,-43.774
1618,84.88,161.7309,-76.8509
1619,17.28,125.2794,-107.9994
1620,16.78,141.3639,-124.5839
1621,42.55,90.8909,-48.3409
1622,42.55,101.1995,-58.6495
1623,263.1,276.8899,-13.7899
1624,50.23,71.5304,-21.3004
1625,49.33,144.4054,-95.0754
1626,55.47,134.7455,-79.2755
1627,168.49,90.3694,78.1206
1628,98.68,147.44,-48.76
1629,112.39,138.6657,-26.2757
1630,406.26,116.4689,289.7911
1631,51.39,225.772,-174.382
1632,592.18,441.998,150.182
1633,146.36,224.9327,-78.5727
1634,243.4,164.0559,79.3441
1635,612.54,420.7134,191.8266
1636,101.25,147.6704,-46.4204
1637,106.97,134.5662,-27.5962
1638,112.3,158.0887,-45.7887
1639,633.7,449.851,183.849
1640,99.45,55.6898,43.7602
1641,200.55,434.0651,-233.5151
1642,215.15,52.9488,162.2012
1643,130.18,116.6047,13.5753
1644,251.64,90.538,161.102
1645,93.24,154.293,-61.053
1646,219.43,117.4635,101.9665
1647,55.08,96.8281,-41.7481
1648,169.23,165.8824,3.3476
1649,169.87,202.2802,-32.4102
1650,123.18,126.555,-3.375
1651,27.39,116.4032,-89.0132
1652,74.69,84.7553,-10.0653
1653,52.76,79.4483,-26.6883
1654,36.22,113.6018,-77.3818
1655,60.42,93.5987,-33.1787
1656,47.47,126.4225,-78.9525
1657,38.09,98.6774,-60.5874
1658,37.72,68.3889,-30.6689
1659,71.14,104.659,-33.519
1660,18.29,176.7496,-158.4596
1661,122.02,155.8373,-33.8173
1662,37.0,147.0783,-110.0783
1663,57.38,133.1979,-75.8179
1664,172.48,78.7428,93.7372
1665,143.38,94.1745,49.2055
1666,144.27,78.255,66.015
1667,103.36,119.5185,-16.1585
1668,151.5,308.983,-157.483
1669,143.36,218.1934,-74.8334
1670,125.42,80.6445,44.7755
1671,36.35,135.4612,-99.1112
1672,56.41,94.6429,-38.2329
1673,143.9,171.4988,-27.5988
1674,244.82,237.4015,7.4185
1675,139.5,145.7297,-6.2297
1676,144.54,73.6362,70.9038
1677,61.56,141.0713,-79.5113
1678,91.39,103.4397,-12.0497
1679,267.62,184.3953,83.2247
1680,58.16,173.6602,-115.5002
1681,88.29,122.1804,-33.8904
1682,198.92,161.5054,37.4146
1683,237.54,142.9129,94.6271
1684,67.05,70.4353,-3.3853
1685,144.45,65.5452,78.9048
1686,157.45,108.9807,48.4693
1687,199.31,159.6427,39.6673
1688,65.99,117.4286,-51.4386
1689,18.94,193.8106,-174.8706
1690,794.46,506.7887,287.6713
1691,72.83,143.2777,-70.4477
1692,184.1,204.0026,-19.9026
1693,151.14,120.1625,30.9775
1694,127.9,114.8792,13.0208
1695,114.09,103.9415,10.1485
1696,518.04,120.6418,397.3982
1697,287.4,159.4227,127.9773
1698,83.69,95.421,-11.731
1699,240.49,291.7347,-51.2447
1700,48.74,98.8312,-50.0912
1701,58.13,79.0916,-20.9616
1702,189.96,117.7262,72.2338
1703,218.21,133.2109,84.9991
1704,114.53,193.3065,-78.7765
1705,187.04,150.1814,36.8586
1706,111.72,135.3679,-23.6479
1707,258.41,102.333,156.077
1708,98.97,80.8245,18.1455
1709,169.67000000000002,106.9582,62.7118
1710,104.42,172.1101,-67.6901
1711,145.01,321.2131,-176.2031
1712,37.77,464.8226,-427.0526
1713,101.57,84.3696,17.2004
1714,45.87,100.3267,-54.4567
1715,266.4,114.8139,151.5861
1716,31.77,106.1476,-74.3776
1717,78.87,167.3635,-88.4935
1718,116.01,79.3747,36.6353
1719,108.78,121.1538,-12.3738
1720,212.27,86.981,125.289
1721,128.65,108.7723,19.8777
1722,44.23,125.9431,-81.7131
1723,154.72,173.3612,-18.6412
1724,785.24,208.5842,576.6558
1725,105.38,163.9395,-58.5595
1726,68.18,139.0506,-70.8706
1727,154.81,145.4415,9.3685
1728,127.37,115.3871,11.9829
1729,130.69,119.165,11.525
1730,174.56,128.3503,46.2097
1731,167.4,104.5281,62.8719
1732,81.99,214.8671,-132.8771
1733,43.09,130.2504,-87.1604
1734,52.53,149.8621,-97.3321
1735,35.56,81.2732,-45.7132
1736,68.25,135.5812,-67.3312
1737,53.24,400.0554,-346.8154
1738,435.95,87.6683,348.2817
1739,208.03,175.0607,32.9693
1740,192.42,219.3677,-26.9477
1741,200.35,159.03,41.32
1742,66.71,118.0626,-51.3526
1743,119.89,148.3555,-28.4655
1744,233.99,125.7909,108.1991
1745,141.7,131.1579,10.5421
1746,37.23,112.4579,-75.2279
1747,251.92,174.0621,77.8579
1748,284.96,239.3785,45.5815
1749,130.09,86.5272,43.5628
1750,142.31,103.9843,38.3257
1751,67.3,119.1869,-51.8869
1752,100.23,119.2364,-19.0064
1753,242.91,107.1751,135.7349
1754,89.86,188.2172,-98.3572
1755,95.76,92.5878,3.1722
1756,82.73,154.6521,-71.9221
1757,75.68,97.2118,-21.5318
1758,59.43,96.7284,-37.2984
1759,127.82,99.3022,28.5178
1760,68.3,115.4267,-47.1267
1761,454.76,221.3289,233.4311
1762,84.13,82.2436,1.8864
1763,18.67,26.8258,-8.1558
1764,82.42,131.3076,-48.8876
1765,50.13,156.9232,-106.7932
1766,40.1,155.4207,-115.3207
1767,319.58,267.6172,51.9628
1768,199.26,120.669,78.591
1769,75.85,96.6463,-20.7963
1770,182.94,102.6881,80.2519
1771,104.87,101.8195,3.0505
1772,118.35,106.3948,11.9552
1773,201.89,143.8309,58.0591
1774,56.36,143.0319,-86.6719
1775,69.07,113.1784,-44.1084
1776,58.77,225.7445,-166.9745
1777,187.67,93.2942,94.3758
1778,57.29,176.1122,-118.8222
1779,102.57,323.8392,-221.2692
1780,135.62,60.0351,75.5849
1781,313.67,107.6489,206.0211
1782,46.29,207.8456,-161.5556
1783,269.78,70.999,198.781
1784,385.63,63.1004,322.5296
1785,54.47,173.7447,-119.2747
1786,133.35,291.0256,-157.6756
1787,231.54,99.4145,132.1255
1788,94.65,118.2078,-23.5578
1789,53.1,205.5833,-152.4833
1790,309.81,163.379,146.431
1791,45.27,94.6868,-49.4168
1792,45.08,181.7113,-136.6313
1793,357.09,131.5924,225.4976
1794,57.0,174.3365,-117.3365
1795,75.17,260.2047,-185.0347
1796,99.43,367.1291,-267.6991
1797,54.32,41.1897,13.1303
1798,101.15,62.5155,38.6345
1799,76.17,110.3411,-34.1711
1800,139.43,178.8932,-39.4632
1801,119.94,237.5014,-117.5614
1802,36.84,167.5852,-130.7452
1803,30.69,162.3901,-131.7001
1804,145.56,117.6668,27.8932
1805,72.67,274.4262,-201.7562
1806,76.08,94.513,-18.433
1807,358.29,243.9638,114.3262
1808,869.16,429.905,439.255
1809,106.78,57.0125,49.7675
1810,67.13,103.5995,-36.4695
1811,213.37,458.5891,-245.2191
1812,80.44,70.418,10.022
1813,132.46,158.632,-26.172
1814,64.03,93.397,-29.367
1815,72.14,96.5914,-24.4514
1816,78.88,91.2698,-12.3898
1817,1035.79,99.9717,935.8183
1818,348.53,325.7676,22.7624
1819,110.26,142.3148,-32.0548
1820,123.53,130.2802,-6.7502
